{"accuracy": [0.9604410529136658, 0.9669135212898254, 0.9682448506355286, 0.9688470363616943, 0.9693642854690552, 0.9696121215820312, 0.9704416990280151, 0.9704511165618896, 0.9712641835212708, 0.9718674421310425, 0.9719474911689758, 0.9738187193870544, 0.9728803634643555, 0.9730597138404846, 0.9726871252059937, 0.9733760356903076, 0.9736078381538391, 0.9726932048797607, 0.9732987284660339, 0.9735106825828552, 0.9737132787704468, 0.9743011593818665, 0.9735106825828552, 0.9731773138046265, 0.9729465842247009, 0.9736729860305786, 0.9750468730926514, 0.9732335805892944, 0.9725210070610046, 0.974186897277832, 0.9747107028961182, 0.9736404418945312, 0.9748762845993042, 0.9749155044555664, 0.9762810468673706, 0.975201427936554, 0.9735416173934937, 0.9730249643325806, 0.9751721620559692, 0.9741786122322083, 0.9746184945106506, 0.9752317667007446, 0.9738644957542419, 0.9725022315979004, 0.9734284281730652, 0.9730249643325806, 0.9725745320320129, 0.9731000065803528, 0.9741212129592896, 0.9747780561447144], "loss": [0.10209780186414719, 0.08790067583322525, 0.09139189124107361, 0.0955243706703186, 0.0988253653049469, 0.10423503071069717, 0.11758394539356232, 0.12939338386058807, 0.09903135150671005, 0.11174170672893524, 0.11350612342357635, 0.09884454309940338, 0.10905306786298752, 0.09713275730609894, 0.12165196985006332, 0.10353463143110275, 0.12280372530221939, 0.11045153439044952, 0.09556421637535095, 0.09248445183038712, 0.11453846096992493, 0.1302107721567154, 0.1340877264738083, 0.10632555931806564, 0.11695055663585663, 0.10547271370887756, 0.10430499911308289, 0.0987243726849556, 0.11594246327877045, 0.10891041904687881, 0.10186915099620819, 0.10529407858848572, 0.10768445581197739, 0.10683119297027588, 0.10282183438539505, 0.10504063218832016, 0.12137087434530258, 0.11858020722866058, 0.08605876564979553, 0.1071154773235321, 0.09318477660417557, 0.09940393269062042, 0.12470001727342606, 0.10078155249357224, 0.11184214055538177, 0.09907111525535583, 0.1077430248260498, 0.08672440052032471, 0.10683915764093399, 0.0963570848107338], "val_accuracy": [0.9688774347305298, 0.9737789630889893, 0.9715909361839294, 0.9741697907447815, 0.9735515713691711, 0.9772254824638367, 0.9718890190124512, 0.9742536544799805, 0.9738827347755432, 0.9796829223632812, 0.9784663319587708, 0.9760862588882446, 0.9778216481208801, 0.977084219455719, 0.974635660648346, 0.9809744954109192, 0.9767419695854187, 0.9818753600120544, 0.9797071814537048, 0.9801068305969238, 0.9786606431007385, 0.9821115732192993, 0.977174699306488, 0.9768479466438293, 0.9740394949913025, 0.9768943190574646, 0.9768303036689758, 0.9763931035995483, 0.9766933917999268, 0.9752715229988098, 0.9843173027038574, 0.9747482538223267, 0.9774463176727295, 0.9797005653381348, 0.9810606241226196, 0.976905345916748, 0.9781506061553955, 0.9824317097663879, 0.9777576327323914, 0.9841958284378052, 0.984666109085083, 0.9780269861221313, 0.9800140857696533, 0.9801906943321228, 0.979451060295105, 0.9757130742073059, 0.9862867593765259, 0.9842841625213623, 0.9793384671211243, 0.9767177104949951], "val_loss": [0.07540735602378845, 0.06865022331476212, 0.07591502368450165, 0.07174848765134811, 0.0727374404668808, 0.0683864876627922, 0.08175354450941086, 0.06242774426937103, 0.06519545614719391, 0.06099029630422592, 0.060695286840200424, 0.06479190289974213, 0.06836137920618057, 0.06837554275989532, 0.07248203456401825, 0.06602989137172699, 0.06179720535874367, 0.06087777018547058, 0.06657818704843521, 0.07072175294160843, 0.07033229619264603, 0.058597780764102936, 0.06947765499353409, 0.06841965019702911, 0.06625112146139145, 0.06230849027633667, 0.06209530681371689, 0.0646873190999031, 0.06794849038124084, 0.06404352188110352, 0.07916998863220215, 0.06951645016670227, 0.06650183349847794, 0.06384116411209106, 0.06337125599384308, 0.0624035969376564, 0.07258877903223038, 0.05573825538158417, 0.06286647170782089, 0.05922555550932884, 0.06912750750780106, 0.06232154369354248, 0.051410261541604996, 0.05251000449061394, 0.05209286883473396, 0.05415638908743858, 0.05430038273334503, 0.04891191050410271, 0.05913339927792549, 0.06017255038022995]}